{"cameraMode":{"drawMode":0,"name":"Shaded","section":"Shading Mode"},"sceneLighting":true,"audioPlay":false,"sceneViewState":{"showFog":false,"showMaterialUpdate":false,"showSkybox":false,"showFlares":false,"showImageEffects":false,"showParticleSystems":false},"in2DMode":false,"pivot":{"x":-5.251079559326172,"y":0.26693153381347659,"z":-2.2291207313537599},"rotation":{"x":-0.037313997745513919,"y":0.8327938318252564,"z":-0.05655821040272713,"w":-0.5494357943534851},"size":27.107261657714845,"orthographic":false}