{"cameraMode":{"drawMode":0,"name":"Shaded","section":"Shading Mode"},"sceneLighting":true,"audioPlay":false,"sceneViewState":{"showFog":false,"showMaterialUpdate":false,"showSkybox":false,"showFlares":false,"showImageEffects":false,"showParticleSystems":false},"in2DMode":false,"pivot":{"x":-4.254945278167725,"y":-1.3174567222595215,"z":-0.7881681323051453},"rotation":{"x":-0.11158526688814163,"y":0.7402222752571106,"z":-0.1269192397594452,"w":-0.6507924199104309},"size":6.938839435577393,"orthographic":false}