{"cameraMode":{"drawMode":0,"name":"Shaded","section":"Shading Mode"},"sceneLighting":true,"audioPlay":false,"sceneViewState":{"showFog":false,"showMaterialUpdate":false,"showSkybox":false,"showFlares":false,"showImageEffects":false,"showParticleSystems":false},"in2DMode":false,"pivot":{"x":-5.238204002380371,"y":-0.2719983458518982,"z":-2.0563626289367677},"rotation":{"x":-0.04327629134058952,"y":0.8305029273033142,"z":-0.06516991555690766,"w":-0.5515073537826538},"size":6.938839435577393,"orthographic":false}