{"cameraMode":{"drawMode":0,"name":"Shaded","section":"Shading Mode"},"sceneLighting":true,"audioPlay":false,"sceneViewState":{"showFog":true,"showMaterialUpdate":false,"showSkybox":true,"showFlares":true,"showImageEffects":true,"showParticleSystems":true},"in2DMode":false,"pivot":{"x":-23.82101821899414,"y":8.600878715515137,"z":72.45291900634766},"rotation":{"x":-0.04433327913284302,"y":-0.928547739982605,"z":0.11791625618934632,"w":-0.349197655916214},"size":2.7930409908294679,"orthographic":false}